product,actual_rating,predicted_eta,num_reviews,category,abs_error,prediction_width,predicted_eta_mean,predicted_eta_hdi_lower,predicted_eta_hdi_upper,predicted_eta_sd,estimated_star_rating,estimated_star_lower,estimated_star_upper
AV16khLE-jtxr-f38VFn,1.0,0.533,1,Personal Care,0.46699999999999997,1.103,1.942,1.602,2.318,0.188,5.0,4.8563151796060255,5.0
AV1YGDqsGV-KLJ3adc-O,4.466666666666667,2.341,45,Household Essentials,2.1256666666666666,0.401,2.648,2.334,2.959,0.157,5.0,5.0,5.0
AV1YmDL9vKc47QAVgr7_,4.5,1.973,12,Personal Care,2.527,0.577,1.75,1.381,2.081,0.181,5.0,4.6002317497103125,5.0
AV1Ymf_rglJLPUi8II2v,5.0,2.491,2,Movies,2.509,1.042,0.86,0.541,1.156,0.16,3.996523754345307,3.626882966396292,4.339513325608343
AV1Yn94nvKc47QAVgtst,4.0,1.202,1,Personal Care,2.798,1.043,2.967,2.451,3.439,0.261,5.0,5.0,5.0
AV1YnUMYglJLPUi8IJpK,5.0,1.987,1,Home,3.013,1.108,2.945,1.612,4.245,0.674,5.0,4.867902665121669,5.0
AV1Ynb3bglJLPUi8IJxJ,5.0,2.192,1,Food,2.808,1.059,2.235,1.56,3.127,0.417,5.0,4.807647740440324,5.0
AV1YneDPglJLPUi8IJyQ,4.666666666666667,1.825,3,Household Essentials,2.841666666666667,0.818,1.466,1.114,1.758,0.16,4.698725376593279,4.290845886442642,5.0
AV1YqAaMGV-KLJ3adiDj,1.8,-0.718,5,Personal Care,2.518,0.791,0.997,0.667,1.309,0.163,4.155272305909618,3.772885283893395,4.516801853997682
AV1Ys0kTvKc47QAVgx1C,5.0,2.416,3,Home,2.584,0.892,2.714,2.306,3.152,0.218,5.0,5.0,5.0
AV1YtGjdglJLPUi8IOfJ,4.333333333333333,1.5200000000000002,6,Personal Care,2.8133333333333326,0.706,-0.488,-1.246,0.09,0.336,2.4345307068366164,1.556199304750869,3.104287369640788
AV1ZSp2uglJLPUi8IQFy,4.0,1.146,1,Personal Care,2.854,0.985,2.132,1.837,2.415,0.155,5.0,5.0,5.0
AV1ZT7GLglJLPUi8IQLI,3.0,0.307,6,Personal Care,2.693,0.717,1.774,1.303,2.362,0.267,5.0,4.509849362688296,5.0
AV1d76w7vKc47QAVhCqn,5.0,1.887,1,Personal Care,3.113,1.015,1.414,0.08,2.93,0.745,4.638470451911935,3.0926998841251447,5.0
AV1h6gSl-jtxr-f31p40,5.0,1.99,1,Personal Care,3.01,1.028,-3.331,-4.045,-2.71,0.347,1.0,1.0,1.0
AV1l8zRZvKc47QAVhnAv,4.733333333333333,2.31,75,Personal Care,2.4233333333333333,0.3,2.31,1.701,2.861,0.3,5.0,4.971031286210892,5.0
AVpe-PJnLJeJML43ziaj,5.0,2.2,1,Food,2.8,1.095,0.708,0.408,0.995,0.158,3.8203939745075317,3.472769409038239,4.152954808806489
AVpe-ltS1cnluZ0-bL8w,5.0,1.502,2,Health,3.498,1.007,1.559,1.223,1.845,0.168,4.80648899188876,4.417149478563152,5.0
AVpe31o71cnluZ0-YrSD,4.03030303030303,0.821,33,Movies,3.2093030303030305,0.319,0.989,-0.388,2.377,0.712,4.1460023174971035,2.5504055619930472,5.0
AVpe38Uy1cnluZ0-YuJR,3.5,1.466,2,Movies,2.034,1.008,2.457,1.271,3.477,0.594,5.0,4.472769409038238,5.0
AVpe41TqilAPnD_xQH3d,4.359550561797753,1.314,89,Movies & TV Shows,3.0455505617977527,0.247,1.084,0.096,2.176,0.529,4.256083429895712,3.1112398609501737,5.0
AVpe4hlXLJeJML43xbrB,4.5,1.723,2,Food,2.777,0.924,2.341,1.587,3.093,0.401,5.0,4.838933951332561,5.0
AVpe59io1cnluZ0-ZgDU,4.44,1.607,75,Movies,2.833,0.265,2.563,2.092,3.131,0.259,5.0,5.0,5.0
AVpe5AMsLJeJML43xnku,5.0,2.267,1,Movies,2.733,0.987,1.949,-0.228,4.105,1.12,5.0,2.735805330243337,5.0
AVpe5JOgilAPnD_xQPfE,5.0,2.68,3,Movies,2.32,1.011,2.304,1.91,2.637,0.188,5.0,5.0,5.0
AVpe5c23LJeJML43xybi,3.7142857142857144,1.167,7,Home,2.5472857142857146,0.726,1.841,1.461,2.288,0.215,5.0,4.692931633835458,5.0
AVpe5s3RLJeJML43x4eA,4.3125,1.376,16,Personal Care,2.9365,0.465,2.992,2.16,3.817,0.448,5.0,5.0,5.0
AVpe6C3WLJeJML43yApY,3.0,0.26,1,Holiday Shop,2.74,1.065,2.046,0.48,3.633,0.829,5.0,3.5561993047508693,5.0
AVpe6CHv1cnluZ0-ZhwN,1.0,0.896,1,Food,0.10399999999999998,1.03,2.171,1.696,2.621,0.238,5.0,4.965237543453071,5.0
AVpe6FpaLJeJML43yBuP,4.888888888888889,2.744,9,Movies,2.144888888888889,0.723,1.042,0.367,1.569,0.329,4.207415990730012,3.425260718424102,4.818076477404404
AVpe6_VI1cnluZ0-Z4do,5.0,1.504,1,Home Improvement,3.496,1.143,1.127,-0.739,3.069,0.964,4.305909617612978,2.1436848203939745,5.0
AVpe6n2_LJeJML43yOgE,4.75,1.968,4,Personal Care,2.782,0.831,0.844,0.476,1.217,0.19,3.977983777520278,3.5515643105446117,4.410196987253766
AVpe71Vk1cnluZ0-aL_Z,5.0,1.972,1,Personal Care,3.028,1.028,1.506,0.513,2.553,0.539,4.745075318655852,3.5944380069524913,5.0
AVpe78stLJeJML43ytOY,3.4,1.076,5,Personal Care,2.324,0.764,3.194,2.322,4.107,0.48,5.0,5.0,5.0
AVpe7jB8LJeJML43yj91,5.0,2.187,2,Personal Care,2.813,0.925,0.634,0.082,1.127,0.266,3.7346465816917727,3.0950173812282733,4.305909617612978
AVpe7sl91cnluZ0-aI1Y,5.0,3.171,4,Food & Beverage,1.8290000000000002,0.961,1.725,1.188,2.302,0.279,4.998841251448436,4.376593279258401,5.0
AVpe7tA31cnluZ0-aI-r,5.0,2.186,2,Personal Care,2.814,0.869,1.723,1.014,2.391,0.353,4.996523754345307,4.174971031286211,5.0
AVpe7zdzLJeJML43yp3d,4.5,1.696,2,Food,2.8040000000000003,0.887,1.404,0.934,1.946,0.258,4.626882966396292,4.082271147161066,5.0
AVpe8gsILJeJML43y6Ed,4.04,0.634,50,School & Office Supplies,3.406,0.266,1.314,0.852,1.794,0.247,4.5225955967555045,3.9872537659327927,5.0
AVpe8q4T1cnluZ0-afct,3.0,1.099,1,Food,1.901,1.066,1.827,0.525,3.173,0.674,5.0,3.608342989571263,5.0
AVpe8xjUilAPnD_xRkxC,5.0,2.288,1,Household Chemicals,2.712,1.159,2.593,2.01,3.172,0.31,5.0,5.0,5.0
AVpe9W4D1cnluZ0-avf0,4.275,1.723,40,Home,2.5520000000000005,0.353,1.655,0.758,2.592,0.465,4.917728852838934,3.8783314020857476,5.0
AVpe_N91LJeJML43z4jD,3.0,1.131,2,Home,1.869,0.998,0.138,-1.63,1.663,0.841,3.159907300115875,1.111239860950174,4.926998841251448
AVpe_dxlilAPnD_xSiHI,5.0,1.888,1,Personal Care,3.112,1.008,0.757,0.158,1.283,0.292,3.877172653534183,3.183082271147161,4.486674391657011
AVpe_pDG1cnluZ0-bjSf,3.0,1.17,1,Household Chemicals,1.83,0.986,-0.167,-0.864,0.672,0.405,2.8064889918887603,1.9988412514484357,3.7786790266512167
AVpe_y-I1cnluZ0-bmvh,5.0,2.67,5,Personal Care,2.33,0.788,-0.531,-0.914,-0.213,0.182,2.384704519119351,1.94090382387022,2.753186558516802
AVpf--o9LJeJML43G_Fq,5.0,3.247,12,Personal Care,1.7530000000000001,0.811,2.491,0.518,4.681,1.042,5.0,3.600231749710313,5.0
AVpf-GsfLJeJML43GxG4,3.5,0.761,2,Household Essentials,2.739,0.866,2.006,1.042,3.011,0.501,5.0,4.207415990730012,5.0
AVpf-Wet1cnluZ0-uYLu,5.0,2.614,4,Music on CD or Vinyl,2.386,0.936,1.749,1.16,2.451,0.334,5.0,4.3441483198146,5.0
AVpf-k78LJeJML43G4qN,5.0,1.339,1,Auto & Tires,3.661,1.252,1.215,0.208,2.284,0.549,4.407879490150638,3.2410196987253768,5.0
AVpf0O60ilAPnD_xizE6,4.0,1.245,2,Personal Care,2.755,0.967,2.257,1.709,2.777,0.281,5.0,4.9803012746234065,5.0
AVpf0YhQLJeJML43ETff,5.0,2.575,4,Personal Care,2.425,0.913,2.209,1.189,3.258,0.522,5.0,4.377752027809965,5.0
AVpf0eb2LJeJML43EVSt,4.7176470588235295,2.257,85,Movies,2.4606470588235294,0.281,3.136,1.474,4.649,0.836,5.0,4.707995365005794,5.0
AVpf0kZFilAPnD_xi5QZ,5.0,2.245,1,Food,2.755,1.147,1.54,0.817,2.23,0.367,4.784472769409039,3.9466975666280417,5.0
AVpf0pfrilAPnD_xi6s_,5.0,1.984,1,Home,3.016,1.015,2.195,1.274,3.231,0.535,5.0,4.4762456546929315,5.0
AVpf0thK1cnluZ0-r8vR,4.647058823529412,1.867,17,Movies,2.780058823529412,0.473,1.164,0.664,1.599,0.251,4.348783314020857,3.7694090382387024,4.8528389339513325
AVpf1pwXLJeJML43EqpT,4.0,1.151,1,Personal Care,2.849,1.022,1.703,0.175,3.521,0.882,4.973348783314021,3.2027809965237544,5.0
AVpf2tw1ilAPnD_xjflC,4.597402597402597,1.7740000000000002,77,Movies & TV Shows,2.8234025974025974,0.267,0.821,0.236,1.425,0.319,3.951332560834299,3.273464658169177,4.651216685979143
AVpf385g1cnluZ0-s0_t,4.392857142857143,1.5400000000000003,28,Food,2.852857142857143,0.367,1.931,-0.152,3.701,0.987,5.0,2.8238702201622248,5.0
AVpf3VOfilAPnD_xjpun,4.81555333998006,2.648,1003,Household Essentials,2.1675533399800595,0.157,1.34,-0.764,3.055,0.933,4.552723059096176,2.1147161066048668,5.0
AVpf3okQLJeJML43FMif,3.5,1.425,2,Food,2.075,0.886,1.867,1.008,2.769,0.473,5.0,4.168018539976825,5.0
AVpf5CnILJeJML43FjaU,5.0,1.362,1,Auto & Tires,3.638,1.203,0.11,-1.317,1.414,0.752,3.127462340672074,1.4739281575898031,4.638470451911935
AVpf5FF71cnluZ0-tHAV,4.666666666666667,1.72,3,Personal Care,2.946666666666667,0.8,2.028,0.065,3.971,0.991,5.0,3.0753186558516803,5.0
AVpf5Z1zLJeJML43FpB-,4.631578947368421,2.522,19,Household Chemicals,2.1095789473684214,0.589,2.769,0.839,4.865,1.037,5.0,3.9721900347624564,5.0
AVpf5olc1cnluZ0-tPrO,4.846153846153846,2.583,13,Food,2.2631538461538456,0.599,1.607,1.089,2.127,0.265,4.862108922363847,4.261877172653534,5.0
AVpf63aJLJeJML43F__Q,4.712962962962963,2.563,108,Personal Care,2.1499629629629626,0.259,1.626,-0.284,3.564,1.02,4.884125144843569,2.670915411355736,5.0
AVpf7I3i1cnluZ0-tnL6,4.75,2.046,4,Household Essentials,2.704,0.829,2.744,1.356,4.114,0.723,5.0,4.571263035921206,5.0
AVpf7LysilAPnD_xkm9G,4.833333333333333,2.457,12,Kitchen & Dining,2.376333333333333,0.594,0.492,-0.799,2.138,0.756,3.5701042873696407,2.074159907300116,5.0
AVpf7aUAilAPnD_xkqbP,5.0,2.518,2,Household Chemicals,2.482,0.984,2.116,1.568,2.687,0.304,5.0,4.8169177288528395,5.0
AVpf9_3MLJeJML43GvdB,5.0,2.176,2,Personal Care,2.824,0.86,1.224,0.331,2.168,0.488,4.418308227114716,3.3835457705677867,5.0
AVpf9pzn1cnluZ0-uNTM,4.833333333333333,2.9919999999999995,48,Food,1.8413333333333335,0.448,2.522,1.433,3.704,0.589,5.0,4.660486674391657,5.0
AVpfAgSp1cnluZ0-b2-K,5.0,3.228,8,Household Chemicals,1.7719999999999998,0.895,1.309,0.623,2.026,0.374,4.516801853997682,3.7219003476245653,5.0
AVpfAkX91cnluZ0-b4d8,2.6666666666666665,0.138,3,Personal Care,2.5286666666666666,0.841,3.165,1.426,5.153,0.995,5.0,4.652375434530707,5.0
AVpfBO2vLJeJML430mGh,5.0,1.952,1,Personal Care,3.048,1.059,1.48,-0.14,2.926,0.835,4.714947856315179,2.8377752027809966,5.0
AVpfBSJgilAPnD_xTLf3,4.6,1.968,5,Personal Care,2.6319999999999997,0.801,2.217,0.636,3.963,0.885,5.0,3.7369640787949017,5.0
AVpfBU2S1cnluZ0-cJsO,4.0,1.903,4,Food,2.097,0.866,0.793,-0.274,1.74,0.541,3.918887601390498,2.682502896871379,5.0
AVpfBpnEilAPnD_xTUBx,5.0,2.631,3,Food,2.369,0.918,2.52,0.886,4.275,0.855,5.0,4.026651216685979,5.0
AVpfBrUZilAPnD_xTUly,4.857142857142857,2.859,21,Personal Care,1.9981428571428568,0.576,1.409,0.495,2.4,0.497,4.632676709154113,3.5735805330243338,5.0
AVpfCi3kilAPnD_xTn3k,3.0,0.249,2,Baby,2.751,1.111,2.859,1.809,4.013,0.576,5.0,5.0,5.0
AVpfCjEEilAPnD_xTn75,4.5,1.804,4,Home,2.6959999999999997,0.789,1.443,0.003,2.847,0.745,4.6720741599073,3.003476245654693,5.0
AVpfCuzrilAPnD_xTroT,5.0,2.491,2,Food,2.509,0.997,1.339,-0.847,4.086,1.252,4.551564310544611,2.018539976825029,5.0
AVpfCvKt1cnluZ0-cpI2,5.0,2.682,1,Food & Beverage,2.318,1.1,3.228,1.42,4.862,0.895,5.0,4.645422943221321,5.0
AVpfCy9b1cnluZ0-cqWS,5.0,2.321,1,Movies,2.679,1.119,2.192,0.198,4.33,1.059,5.0,3.2294322132097335,5.0
AVpfD9xTLJeJML431ig2,4.923076923076923,2.945,13,Movies,1.9780769230769235,0.674,0.744,-1.194,2.685,0.975,3.862108922363847,1.6164542294322133,5.0
AVpfDA6wilAPnD_xTxdg,5.0,1.948,1,Personal Care,3.052,1.087,1.167,-0.202,2.638,0.726,4.3522595596755504,2.7659327925840094,5.0
AVpfDflP1cnluZ0-c5RJ,1.0,0.546,1,Home,0.45399999999999996,1.073,2.052,1.078,3.232,0.567,5.0,4.249130938586327,5.0
AVpfE5UF1cnluZ0-dY1N,5.0,1.74,1,School & Office Supplies,3.26,1.108,2.058,-0.147,3.937,1.124,5.0,2.8296639629200464,5.0
AVpfE7puilAPnD_xUcCW,5.0,1.052,1,Furniture,3.948,1.146,1.156,0.324,2.03,0.425,4.339513325608343,3.3754345307068365,5.0
AVpfEqFbilAPnD_xUV28,5.0,2.045,1,Kitchen & Dining,2.955,1.099,1.923,-0.005,3.946,1.038,5.0,2.9942062572421784,5.0
AVpfFGqP1cnluZ0-ddjG,5.0,1.956,1,Home,3.044,1.033,0.582,-0.884,1.803,0.689,3.6743916570104287,1.9756662804171494,5.0
AVpfFs_1ilAPnD_xUtRm,3.6666666666666665,0.85,3,Kitchen & Dining,2.8166666666666664,0.918,2.669,0.75,4.676,1.003,5.0,3.869061413673233,5.0
AVpfGTRQLJeJML432WYA,5.0,1.938,1,Personal Care,3.0620000000000003,0.991,2.233,0.126,4.344,1.083,5.0,3.146002317497103,5.0
AVpfGuDrLJeJML432fDz,4.666666666666667,1.761,3,Home,2.905666666666667,0.803,1.761,0.369,3.438,0.803,5.0,3.4275782155272307,5.0
AVpfHI2filAPnD_xVL7R,5.0,1.939,1,Personal Care,3.061,1.04,2.118,0.691,3.593,0.766,5.0,3.8006952491309383,5.0
AVpfIGFeLJeJML4328YR,5.0,2.495,2,Household Chemicals,2.505,1.002,1.376,0.519,2.254,0.465,4.594438006952491,3.6013904982618774,5.0
AVpfIvbgLJeJML433Kph,4.8,2.063,5,Personal Care,2.7369999999999997,0.763,2.094,0.603,3.571,0.791,5.0,3.6987253765932793,5.0
AVpfJCq51cnluZ0-ey-L,5.0,1.871,1,Personal Care,3.129,0.915,0.128,-0.697,0.896,0.415,3.1483198146002316,2.1923522595596756,4.038238702201622
AVpfJP1C1cnluZ0-e3Xy,4.820833333333334,2.714,240,Household Chemicals,2.106833333333334,0.218,2.68,0.708,4.685,1.011,5.0,3.8203939745075317,5.0
AVpfJcHuLJeJML433ZrY,5.0,2.313,1,Movies,2.687,1.024,0.485,-0.844,1.565,0.625,3.5619930475086905,2.022016222479722,4.813441483198146
AVpfKOYiilAPnD_xWOFw,3.25,0.492,4,Personal Care,2.758,0.756,2.245,1.023,3.395,0.631,5.0,4.1853997682502895,5.0
AVpfKb8k1cnluZ0-fQdA,4.3,1.084,10,Personal Care,3.2159999999999997,0.529,1.826,0.556,3.184,0.684,5.0,3.6442641946697565,5.0
AVpfKhuv1cnluZ0-fSVr,5.0,1.905,1,Home,3.0949999999999998,1.069,1.973,0.989,3.14,0.577,5.0,4.1460023174971035,5.0
AVpfLnfPLJeJML434HpK,4.076923076923077,1.16,13,Home Improvement,2.9169230769230765,0.512,0.985,-0.028,2.042,0.52,4.1413673232908454,2.9675550405561992,5.0
AVpfM_ytilAPnD_xXIJb,4.515151515151516,2.235,33,Food,2.2801515151515157,0.417,1.076,-0.471,2.411,0.764,4.246813441483198,2.45422943221321,5.0
AVpfMpZ51cnluZ0-f_L9,5.0,3.489,9,Food & Beverage,1.5110000000000001,0.796,2.158,0.446,3.978,0.914,5.0,3.5168018539976824,5.0
AVpfN6Z71cnluZ0-gZmO,4.666666666666667,1.7670000000000001,3,Personal Care,2.8996666666666666,0.784,2.317,1.474,3.399,0.505,5.0,4.707995365005794,5.0
AVpfNVsj1cnluZ0-gNQN,5.0,1.958,1,Personal Care,3.042,1.123,3.247,1.362,4.686,0.811,5.0,4.578215527230591,5.0
AVpfNWbPilAPnD_xXPR7,5.0,1.949,1,Home,3.051,1.12,-0.082,-1.15,1.102,0.584,2.9049826187717267,1.667439165701043,4.276940903823871
AVpfNc9cLJeJML434tza,5.0,1.922,1,Home,3.0780000000000003,1.032,2.631,0.976,4.375,0.918,5.0,4.130938586326767,5.0
AVpfNfEMLJeJML434uf-,5.0,2.669,3,Movies,2.331,1.003,3.489,2.099,5.075,0.796,5.0,5.0,5.0
AVpfNglu1cnluZ0-gQ7x,5.0,2.236,2,Home,2.764,1.007,1.134,-0.323,2.616,0.767,4.314020857473928,2.6257242178447275,5.0
AVpfO5u71cnluZ0-guiN,5.0,2.509,2,Movies,2.491,0.96,2.605,1.018,4.101,0.802,5.0,4.179606025492468,5.0
AVpfOIrkilAPnD_xXgDG,4.466666666666667,1.374,15,Movies & TV Shows,3.0926666666666667,0.495,0.515,-1.017,2.169,0.852,3.59675550405562,1.8215527230590962,5.0
AVpfOmKwLJeJML435GM7,2.86046511627907,-0.48799999999999993,43,Personal Care,3.34846511627907,0.336,1.374,0.434,2.31,0.495,4.592120509849363,3.502896871378911,5.0
AVpfPPkEilAPnD_xX3cP,3.1142857142857143,0.128,35,Personal Care,2.986285714285714,0.415,1.43,-0.225,3.137,0.88,4.657010428736964,2.7392815758980302,5.0
AVpfPaoqLJeJML435Xk9,4.4532967032967035,1.466,364,Movies,2.9872967032967033,0.16,-0.806,-1.961,0.449,0.628,2.0660486674391656,1.0,3.5202780996523755
AVpfPkrkilAPnD_xX-L9,5.0,2.093,1,Household Essentials,2.907,1.019,2.545,1.176,3.919,0.731,5.0,4.362688296639629,5.0
AVpfPnrU1cnluZ0-g9rL,4.7368421052631575,2.317,19,Movies,2.4198421052631574,0.505,1.761,-0.295,4.319,1.155,5.0,2.6581691772885283,5.0
AVpfQtEm1cnluZ0-hUpe,4.8,2.252,5,Food,2.548,0.776,1.16,0.209,2.216,0.512,4.3441483198146,3.242178447276941,5.0
AVpfR5m0LJeJML436K3W,4.764705882352941,2.195,17,Music on CD or Vinyl,2.5697058823529413,0.535,1.17,-0.787,2.986,0.986,4.3557358053302435,2.0880648899188876,5.0
AVpfRTh1ilAPnD_xYic2,4.718518518518518,2.171,135,Movies,2.5475185185185185,0.238,1.935,-0.227,3.751,1.032,5.0,2.7369640787949017,5.0
AVpfRYbSilAPnD_xYkD4,3.75,1.134,4,Personal Care,2.616,0.767,1.504,-0.664,3.808,1.143,4.742757821552723,2.2305909617612976,5.0
AVpfRkzN1cnluZ0-hmnu,5.0,2.028,2,School & Office Supplies,2.972,0.991,2.061,0.617,3.783,0.799,5.0,3.7149478563151797,5.0
AVpfRoqcLJeJML436FqG,3.857142857142857,1.582,7,Personal Care,2.275142857142857,0.724,0.896,-1.505,2.628,1.03,4.038238702201622,1.2560834298957126,5.0
AVpfSFDo1cnluZ0-hwjT,5.0,2.047,1,Kitchen & Dining,2.953,1.139,1.507,0.713,2.244,0.404,4.746234067207416,3.8261877172653533,5.0
AVpfSvmGilAPnD_xY_gE,5.0,1.941,1,Personal Care,3.059,0.974,3.171,1.241,5.011,0.961,5.0,4.4380069524913095,5.0
AVpfTVkcilAPnD_xZLts,4.0,1.123,1,Personal Care,2.877,1.058,2.53,1.408,3.708,0.62,5.0,4.631517960602549,5.0
AVpfUJu_ilAPnD_xZdDr,4.333333333333333,2.158,3,Food & Beverage,2.175333333333333,0.914,1.089,-0.122,2.504,0.654,4.261877172653534,2.858632676709154,5.0
AVpfUN2nilAPnD_xZeY3,5.0,2.254,2,Home,2.746,1.025,1.948,-0.41,3.897,1.087,5.0,2.5249130938586326,5.0
AVpfVPh3ilAPnD_xZzW9,4.8,2.271,5,Household Chemicals,2.529,0.809,2.091,0.3,3.85,0.893,5.0,3.3476245654692933,5.0
AVpfW8y_LJeJML437ySW,4.566787003610108,1.75,277,Beauty,2.8167870036101084,0.181,1.656,0.434,3.029,0.674,4.918887601390498,3.502896871378911,5.0
AVpfWmVZLJeJML437rfh,5.0,1.956,1,Home,3.044,1.211,2.09,0.341,3.812,0.883,5.0,3.39513325608343,5.0
AVpfX68TilAPnD_xaoLf,5.0,1.962,1,Personal Care,3.0380000000000003,1.008,0.697,-1.545,2.8,1.135,3.8076477404403244,1.2097334878331403,5.0
AVpfXYS3LJeJML4376jQ,5.0,1.93,1,Personal Care,3.0700000000000003,0.974,2.186,0.495,3.917,0.869,5.0,3.5735805330243338,5.0
AVpfYREd1cnluZ0-juGs,5.0,2.035,1,Kitchen & Dining,2.965,0.993,2.495,0.697,4.67,1.002,5.0,3.8076477404403244,5.0
AVpfYxQALJeJML438VBf,5.0,2.6839999999999997,3,Movies,2.3160000000000003,0.876,1.156,-0.713,2.924,0.931,4.339513325608343,2.1738122827346467,5.0
AVpf_rYe1cnluZ0-ut8Y,4.5,1.091,2,Auto & Tires,3.409,1.039,0.307,-1.089,1.643,0.717,3.3557358053302435,1.738122827346466,4.903823870220162
AVpfazX31cnluZ0-kbdl,4.48,1.507,25,Personal Care,2.9730000000000008,0.404,2.614,0.821,4.558,0.969,5.0,3.951332560834299,5.0
AVpfbkyr1cnluZ0-kozI,5.0,2.091,3,Home Improvement,2.909,0.893,0.69,-0.785,1.999,0.7,3.799536500579374,2.090382387022016,5.0
AVpfbraG1cnluZ0-kqnn,2.0,0.96,1,Food,1.04,1.079,1.498,0.506,2.83,0.598,4.735805330243338,3.586326767091541,5.0
AVpfcu821cnluZ0-k8ep,4.842105263157895,3.09,19,Personal Care,1.7521052631578948,0.605,2.162,1.024,3.244,0.602,5.0,4.186558516801854,5.0
AVpfdYUZilAPnD_xcHuK,3.75,0.69,4,Personal Care,3.06,0.7,2.176,0.651,3.891,0.86,5.0,3.754345307068366,5.0
AVpfe3On1cnluZ0-lgn5,4.0,0.515,2,Featured Brands,3.485,0.852,1.968,0.4,3.527,0.831,5.0,3.463499420625724,5.0
AVpfhpNkilAPnD_xdUZz,4.0,1.443,1,Food,2.557,0.966,1.72,0.122,3.361,0.8,4.993047508690614,3.141367323290846,5.0
AVpfiRY_LJeJML43-8p9,5.0,2.234,1,Food,2.766,1.016,2.296,0.695,4.073,0.883,5.0,3.805330243337196,5.0
AVpfiUrfLJeJML43-9nY,3.0,0.697,2,Home Improvement,2.303,1.135,2.139,0.535,3.63,0.811,5.0,3.619930475086906,5.0
AVpfjHuw1cnluZ0-mvrX,5.0,1.952,1,Home,3.048,1.03,1.156,-0.936,2.748,0.915,4.339513325608343,1.9154113557358052,5.0
AVpfjauJLJeJML43_TKe,5.0,1.934,1,Personal Care,3.066,1.054,1.928,0.192,3.765,0.912,5.0,3.222479721900348,5.0
AVpfk4y7ilAPnD_xeTgd,4.0,0.643,1,Auto & Tires,3.357,1.055,2.49,0.887,4.536,0.968,5.0,4.027809965237544,5.0
AVpfkQkcLJeJML43_kEC,5.0,1.933,1,Personal Care,3.067,1.013,1.111,0.229,1.99,0.461,4.287369640787949,3.2653534183082273,5.0
AVpfl6baLJeJML43AEQq,5.0,1.964,1,Home,3.036,0.96,0.791,-0.49,2.297,0.703,3.91657010428737,2.432213209733488,5.0
AVpfl6sF1cnluZ0-nmwC,5.0,1.919,1,Personal Care,3.081,1.112,2.198,0.494,4.205,0.995,5.0,3.5724217844727693,5.0
AVpfldDlLJeJML43_7s_,5.0,2.185,1,Food,2.815,1.031,2.298,0.53,3.929,0.852,5.0,3.6141367323290847,5.0
AVpfliCoilAPnD_xegIr,5.0,1.951,1,Home,3.049,1.066,1.11,0.17,2.056,0.499,4.286210892236385,3.1969872537659327,5.0
AVpfluP1ilAPnD_xejxO,5.0,2.614,3,Food,2.386,0.969,1.875,0.315,3.651,0.869,5.0,3.3650057937427578,5.0
AVpfm8yiLJeJML43AYyu,1.2682926829268293,-3.331,82,Personal Care,4.599292682926829,0.347,1.738,-0.032,3.259,0.847,5.0,2.962920046349942,5.0
AVpfmjXGLJeJML43AQ5_,5.0,2.217,2,Personal Care,2.783,0.885,2.583,1.526,3.805,0.599,5.0,4.768250289687138,5.0
AVpfnRuSilAPnD_xfB8l,3.8,0.9890000000000001,5,Personal Care,2.811,0.712,1.162,-0.52,2.981,0.967,4.346465816917728,2.3974507531865585,5.0
AVpfnS4eLJeJML43AfZe,2.0,0.946,1,Food,1.054,1.034,0.515,-1.512,2.347,0.998,3.59675550405562,1.2479721900347625,5.0
AVpfnjBILJeJML43AkO3,5.0,2.236,1,Food,2.764,1.047,0.85,-1.003,2.613,0.918,3.9849362688296637,1.8377752027809966,5.0
AVpfoSS51cnluZ0-oVH9,4.75,2.138,4,Food,2.612,0.775,0.917,-0.878,2.37,0.846,4.0625724217844725,1.9826187717265353,5.0
AVpfov9TLJeJML43A7B0,4.615384615384615,2.052,13,Food & Beverage,2.563384615384615,0.567,0.526,-1.649,2.658,1.099,3.6095017381228276,1.089223638470452,5.0
AVpfpM2yilAPnD_xfmDG,4.25,1.443,4,Food,2.807,0.745,0.796,-0.788,2.338,0.832,3.922363847045191,2.086906141367323,5.0
AVpfqW4WilAPnD_xf7a_,5.0,2.546,2,Movies,2.454,1.002,2.236,0.356,4.116,1.007,5.0,3.4125144843568944,5.0
AVpfr5cb1cnluZ0-pZFp,3.5,0.425,2,Furniture,3.075,1.06,2.633,1.113,4.29,0.84,5.0,4.289687137891078,5.0
AVpfrFDZLJeJML43Bmv0,5.0,2.422,3,Home,2.578,0.9,2.457,1.145,3.778,0.717,5.0,4.326767091541136,5.0
AVpfrTyiLJeJML43BrSI,4.0,1.731,3,Movies,2.269,0.917,0.738,-0.456,1.934,0.636,3.855156431054461,2.4716106604866743,5.0
AVpfrfHF1cnluZ0-pRai,5.0,2.157,2,Personal Care,2.843,0.922,2.576,1.018,4.173,0.823,5.0,4.179606025492468,5.0
AVpfrgjFLJeJML43BvCc,5.0,2.264,1,Food,2.736,0.996,2.476,1.201,3.575,0.624,5.0,4.391657010428737,5.0
AVpftikC1cnluZ0-p31V,4.28125,1.309,32,Baby,2.97225,0.374,2.453,1.26,3.674,0.62,5.0,4.460023174971031,5.0
AVpfvieo1cnluZ0-qdnu,1.0,-0.279,2,Personal Care,1.279,0.958,2.684,1.161,4.468,0.876,5.0,4.345307068366164,5.0
AVpfwAXDLJeJML43DC4f,4.333333333333333,1.215,12,Personal Care,3.118333333333333,0.549,2.578,0.898,4.337,0.863,5.0,4.040556199304751,5.0
AVpfxAr81cnluZ0-q4CH,3.6666666666666665,1.43,3,Personal Care,2.2366666666666664,0.88,2.147,0.616,3.571,0.749,5.0,3.713789107763615,5.0
AVpfxQCwLJeJML43DZqo,4.6,1.656,10,Personal Care,2.944,0.553,3.09,1.961,4.208,0.605,5.0,5.0,5.0
AVpfxvo9ilAPnD_xiFhq,4.60377358490566,1.7250000000000003,53,Personal Care,2.8787735849056597,0.279,1.656,0.658,2.719,0.553,4.918887601390498,3.7624565469293163,5.0
AVpfy9prilAPnD_xibzt,4.0,0.582,4,Featured Brands,3.418,0.689,1.502,-0.368,3.597,1.007,4.740440324449595,2.5735805330243338,5.0
AVpfz-GRilAPnD_xiuMN,5.0,1.756,1,School & Office Supplies,3.2439999999999998,1.184,0.546,-1.617,2.65,1.073,3.6326767091541137,1.1263035921205098,5.0
AVpfz3Lk1cnluZ0-rs3t,5.0,2.058,1,Kitchen & Dining,2.942,1.124,2.614,0.689,4.162,0.936,5.0,3.79837775202781,5.0
AVpfzL7R1cnluZ0-rgaY,2.75,-0.082,8,Personal Care,2.832,0.584,1.502,-0.29,3.446,0.986,4.740440324449595,2.66396292004635,5.0
AVpfz_6jilAPnD_xiuxE,3.9473684210526314,1.224,19,Household Chemicals,2.7233684210526317,0.488,2.271,0.784,3.9,0.809,5.0,3.9084588644264198,5.0
AVpg0ow0ilAPnD_xxtlC,5.0,2.49,2,Movies,2.51,0.968,0.973,0.173,1.947,0.469,4.127462340672074,3.200463499420626,5.0
AVpg35OJLJeJML43Tz5U,5.0,1.935,1,Personal Care,3.065,1.032,2.252,0.772,3.812,0.776,5.0,3.8945538818076475,5.0
AVpg4K33LJeJML43T3ar,4.75,2.139,4,Movies,2.611,0.811,1.466,-0.54,3.345,1.008,4.698725376593279,2.374275782155272,5.0
AVpg5aDDLJeJML43UHZH,3.2,0.539,5,Personal Care,2.661,0.72,1.425,-0.377,2.972,0.886,4.651216685979143,2.563151796060255,5.0
AVpg5vm-LJeJML43ULp4,4.666666666666667,1.969,3,Movies,2.6976666666666667,0.861,2.289,0.287,4.225,1.02,5.0,3.332560834298957,5.0
AVpg9KQ5LJeJML43U3ab,5.0,2.791,1,Food & Beverage,2.209,1.138,2.428,0.682,4.048,0.906,5.0,3.79026651216686,5.0
AVpgCAZBilAPnD_xmUw5,4.631578947368421,2.006,19,Personal Care,2.6255789473684215,0.501,1.956,-0.193,3.999,1.033,5.0,2.776361529548088,5.0
AVpgCIn81cnluZ0-vX3k,5.0,1.921,1,Personal Care,3.0789999999999997,1.029,1.903,0.129,3.491,0.866,5.0,3.149478563151796,5.0
AVpgCJU4LJeJML43H1AI,5.0,1.914,1,Personal Care,3.0860000000000003,1.05,0.596,-1.574,2.79,1.125,3.690614136732329,1.176129779837775,5.0
AVpgCKm4LJeJML43H1S5,4.0,1.139,1,Personal Care,2.8609999999999998,0.913,2.535,0.507,4.391,1.046,5.0,3.5874855156431056,5.0
AVpgD4731cnluZ0-v1St,5.0,1.983,1,Personal Care,3.017,0.977,2.138,0.566,3.544,0.775,5.0,3.6558516801853997,5.0
AVpgDIS7LJeJML43IFO3,4.833333333333333,2.395,6,Food,2.438333333333333,0.722,2.67,1.142,4.11,0.788,5.0,4.323290845886443,5.0
AVpgDaVWilAPnD_xmsHc,1.5,-0.664,2,Health,2.164,1.012,1.52,0.185,2.859,0.706,4.761297798377752,3.2143684820393976,5.0
AVpgF0kzLJeJML43Ixdl,5.0,1.626,1,Beauty,3.374,1.02,1.723,-0.325,3.359,0.924,4.996523754345307,2.623406720741599,5.0
AVpgFW3y1cnluZ0-wNXJ,4.810126582278481,2.593,79,Movies & TV Shows,2.217126582278481,0.31,2.959,0.739,4.851,1.051,5.0,3.8563151796060255,5.0
AVpgFsvt1cnluZ0-wSua,4.0,0.744,2,Featured Brands,3.2560000000000002,0.975,2.377,0.808,4.11,0.877,5.0,3.936268829663963,5.0
AVpgHnCQLJeJML43JNzU,4.666666666666667,2.298,6,Food,2.368666666666667,0.852,2.063,0.541,3.49,0.763,5.0,3.626882966396292,5.0
AVpgI4FSLJeJML43JgA5,5.0,2.545,4,Personal Care,2.455,0.88,1.923,0.178,3.904,0.99,5.0,3.2062572421784474,5.0
AVpgItBKilAPnD_xn_sz,5.0,2.43,2,Food,2.57,0.906,0.804,-1.23,2.814,1.112,3.931633835457706,1.574739281575898,5.0
AVpgJTP4ilAPnD_xoILD,5.0,2.245,1,Household Chemicals,2.755,1.0,2.431,0.76,4.337,0.953,5.0,3.880648899188876,5.0
AVpgJjLgLJeJML43Jpmu,4.333333333333333,2.061,6,Personal Care,2.272333333333333,0.799,3.053,1.412,4.697,0.858,5.0,4.636152954808806,5.0
AVpgK9i31cnluZ0-xh9i,2.0,0.526,1,School & Office Supplies,1.474,1.099,2.321,0.158,4.476,1.119,5.0,3.183082271147161,5.0
AVpgKuphilAPnD_xodXm,5.0,2.633,4,Kitchen & Dining,2.367,0.84,2.395,0.97,3.773,0.722,5.0,4.123986095017381,5.0
AVpgKzIR1cnluZ0-xfdN,3.5,1.215,2,Home,2.285,0.941,2.034,0.016,4.349,1.093,5.0,3.018539976825029,5.0
AVpgLyGmilAPnD_xos31,4.0,1.466,1,Movies,2.534,0.972,2.518,0.597,4.491,0.984,5.0,3.6917728852838936,5.0
AVpgMAE_1cnluZ0-xxCo,4.571428571428571,1.827,7,Personal Care,2.744428571428571,0.674,1.582,0.303,3.092,0.724,4.83314020857474,3.351100811123986,5.0
AVpgN3QQilAPnD_xpMv5,5.0,2.475,2,Food,2.525,0.952,2.2,0.156,4.453,1.095,5.0,3.1807647740440324,5.0
AVpgOPJHLJeJML43KwSj,4.688751926040061,2.132,649,Featured Brands,2.5567519260400613,0.155,1.941,0.094,3.694,0.974,5.0,3.108922363847045,5.0
AVpgOme5LJeJML43K1xo,4.238095238095238,1.655,21,Household Chemicals,2.583095238095238,0.465,1.938,0.069,3.827,0.991,5.0,3.0799536500579374,5.0
AVpgQMHW1cnluZ0-yyq7,4.2727272727272725,1.11,11,Personal Care,3.162727272727272,0.499,2.491,0.705,4.583,0.997,5.0,3.8169177288528386,5.0
AVpgQUiyilAPnD_xpzge,5.0,2.396,3,Personal Care,2.604,0.888,1.958,-0.141,4.378,1.123,5.0,2.836616454229432,5.0
AVpgS0cdLJeJML43L490,5.0,2.034,1,Kitchen & Dining,2.966,1.093,0.425,-1.528,2.553,1.06,3.492468134414832,1.2294322132097335,5.0
AVpgSOI5LJeJML43LvuQ,4.0,1.051,4,Movies,2.949,0.685,2.31,0.772,3.901,0.79,5.0,3.8945538818076475,5.0
AVpgTV4k1cnluZ0-zkei,4.126760563380282,1.404,71,Kitchen & Dining,2.722760563380282,0.258,1.756,-0.524,4.022,1.184,5.0,2.3928157589803014,5.0
AVpgTrwJLJeJML43MGCG,5.0,1.995,1,Personal Care,3.005,1.127,1.696,-0.034,3.186,0.887,4.965237543453071,2.9606025492468135,5.0
AVpgTzVT1cnluZ0-zrZQ,5.0,1.911,1,Personal Care,3.089,0.952,2.545,0.845,4.059,0.88,5.0,3.9791425260718425,5.0
AVpgUCAY1cnluZ0-zutu,5.0,2.574,2,Movies,2.426,1.005,2.682,0.709,4.92,1.1,5.0,3.821552723059096,5.0
AVpgVrEY1cnluZ0-0HZh,5.0,1.931,1,Personal Care,3.069,0.987,1.73,-0.171,3.607,0.935,5.0,2.8018539976825028,5.0
AVpgX45L1cnluZ0-0mMe,5.0,1.926,1,Personal Care,3.074,1.014,1.487,-0.147,3.326,0.916,4.723059096176129,2.8296639629200464,5.0
AVpgY4KQLJeJML43NQAu,4.333333333333333,1.753,3,Food,2.580333333333333,0.86,0.539,-0.843,1.953,0.72,3.6245654692931635,2.023174971031286,5.0
AVpgY9hJilAPnD_xryvm,3.6666666666666665,1.703,3,Movies,1.9636666666666664,0.882,2.422,0.794,4.366,0.9,5.0,3.9200463499420626,5.0
AVpgZbzbLJeJML43NXLE,5.0,2.858,4,Movies,2.142,0.919,1.922,-0.036,4.139,1.032,5.0,2.958285052143685,5.0
AVpgZgUlLJeJML43NYG7,4.714285714285714,2.147,7,Movies,2.5672857142857146,0.749,2.283,0.099,4.25,1.061,5.0,3.1147161066048668,5.0
AVpgaPd61cnluZ0-1FvC,4.745980707395498,2.304,311,Movies,2.441980707395498,0.188,1.969,0.326,3.501,0.861,5.0,3.377752027809965,5.0
AVpgaac0ilAPnD_xsGL7,5.0,2.769,1,Food & Beverage,2.231,1.037,1.245,-0.65,3.166,0.967,4.442641946697567,2.246813441483198,5.0
AVpgal1uilAPnD_xsIax,3.5,0.917,2,Household Chemicals,2.583,0.846,-0.718,-2.133,0.93,0.791,2.168018539976825,1.0,4.077636152954809
AVpgc6_YLJeJML43OFE_,4.888888888888889,2.545,9,Personal Care,2.3438888888888894,0.731,1.052,-1.137,3.338,1.146,4.219003476245655,1.6825028968713789,5.0
AVpgcfFY1cnluZ0-1i_x,5.0,3.0529999999999995,6,Movies,1.9470000000000005,0.858,1.753,0.298,3.546,0.86,5.0,3.3453070683661643,5.0
AVpgd0F2LJeJML43ORxB,5.0,2.734,1,Food & Beverage,2.266,1.1,2.267,0.564,4.374,0.987,5.0,3.653534183082271,5.0
AVpgdZh-LJeJML43OL6w,5.0,1.923,1,Personal Care,3.077,0.99,2.43,0.843,4.392,0.906,5.0,3.976825028968714,5.0
AVpgeKsa1cnluZ0-16hV,5.0,3.165,4,Food & Beverage,1.835,0.995,1.952,0.154,4.114,1.059,5.0,3.178447276940904,5.0
AVpgeYFu1cnluZ0-19dk,1.0,0.804,1,Food,0.19599999999999995,1.112,1.983,0.029,3.785,0.977,5.0,3.033603707995365,5.0
AVpgg95x1cnluZ0-2iDa,4.0,1.221,1,Home,2.779,0.933,1.434,-0.346,3.395,0.938,4.661645422943222,2.5990730011587484,5.0
AVpghuLWilAPnD_xtqz9,4.75,1.48,4,Health,3.27,0.835,1.804,0.208,3.259,0.789,5.0,3.2410196987253768,5.0
AVpgiLDu1cnluZ0-2zyD,5.0,1.931,1,Personal Care,3.069,0.995,2.063,0.664,3.378,0.707,5.0,3.7694090382387024,5.0
AVpgjJUUilAPnD_xt_Rl,5.0,2.202,1,Food,2.798,1.051,0.761,-0.854,2.516,0.866,3.88180764774044,2.0104287369640788,5.0
AVpgksZdLJeJML43P0Tt,4.0,1.156,1,Personal Care,2.8440000000000003,0.931,-0.664,-2.722,1.231,1.012,2.2305909617612976,1.0,4.426419466975666
AVpgm0unLJeJML43QS4m,1.0,0.515,1,Personal Care,0.485,0.998,1.443,-0.214,3.626,0.966,4.6720741599073,2.7520278099652375,5.0
AVpgm4w4ilAPnD_xu1WI,4.666666666666667,1.875,3,Household Essentials,2.791666666666667,0.869,1.051,-0.377,2.317,0.685,4.21784472769409,2.563151796060255,5.0
AVpgmIBJ1cnluZ0-3sj7,4.625,1.942,224,Household Chemicals,2.683,0.188,2.184,0.111,4.164,1.066,5.0,3.1286210892236386,5.0
AVpgmXOsLJeJML43QMSJ,5.0,2.155,2,Personal Care,2.845,0.926,1.909,0.072,3.993,1.023,5.0,3.0834298957126305,5.0
AVpgnV8cLJeJML43QaeQ,3.8333333333333335,0.738,6,Home,3.0953333333333335,0.636,0.96,-0.924,3.142,1.079,4.112398609501739,1.929316338354577,5.0
AVpgoyEtLJeJML43Qvjb,4.844444444444444,2.9670000000000005,180,Household Essentials,1.8774444444444436,0.261,2.264,0.3,4.19,0.996,5.0,3.3476245654692933,5.0
AVpgqBohLJeJML43RBpF,4.846153846153846,2.453,13,Personal Care,2.393153846153846,0.62,1.978,0.112,4.133,1.021,5.0,3.1297798377752026,5.0
AVpgr86FLJeJML43RdKr,3.1153846153846154,-0.167,26,Personal Care,3.2823846153846152,0.405,1.097,-0.656,3.041,0.949,4.2711471610660485,2.2398609501738123,5.0
AVpgsAhnLJeJML43ReEV,5.0,1.942,1,Home,3.058,1.001,2.254,0.53,4.46,1.025,5.0,3.6141367323290847,5.0
AVpgsKcuLJeJML43RgeM,1.0,0.596,1,Home,0.404,1.125,1.202,-0.782,3.179,1.043,4.392815758980301,2.0938586326767092,5.0
AVpgtkqO1cnluZ0-5Ywu,5.0,1.935,1,Personal Care,3.065,1.149,1.968,0.521,3.486,0.801,5.0,3.603707995365006,5.0
AVpgtovQilAPnD_xwXDj,4.285714285714286,1.826,7,Food,2.4597142857142855,0.684,1.919,-0.265,4.203,1.112,5.0,2.6929316338354576,5.0
AVpgwi3FLJeJML43Sb8O,5.0,2.535,2,Movies,2.465,1.046,1.93,-0.091,3.688,0.974,5.0,2.894553881807648,5.0
AVpgyZwo1cnluZ0-6WML,3.909090909090909,0.9849999999999999,11,Personal Care,2.9240909090909093,0.52,1.987,-0.326,4.073,1.108,5.0,2.622247972190035,5.0
AVph3agoilAPnD_x-Mv3,3.8899755501222493,0.9970000000000001,409,Household Essentials,2.892975550122249,0.163,2.047,-0.239,4.205,1.139,5.0,2.72305909617613,5.0
AVph4x9Z1cnluZ0-HhoE,4.3076923076923075,1.506,13,Food,2.8016923076923073,0.539,1.952,-0.049,4.02,1.03,5.0,2.9432213209733487,5.0
AVph5Z60LJeJML43gDzQ,5.0,1.936,1,Personal Care,3.064,1.071,1.935,-0.37,4.403,1.149,5.0,2.571263035921205,5.0
AVph7QWe1cnluZ0-H8cb,5.0,2.33,1,Movies,2.67,1.066,2.396,0.624,4.078,0.888,5.0,3.72305909617613,5.0
AVphBCJGLJeJML43Vqmb,4.8,2.31,5,Movies,2.4899999999999998,0.79,1.731,-0.089,3.453,0.917,5.0,2.8968713789107765,5.0
AVphD_671cnluZ0-91LQ,3.6666666666666665,0.7959999999999999,3,Personal Care,2.8706666666666667,0.832,2.251,0.495,4.211,0.95,5.0,3.5735805330243338,5.0
AVphGD1nilAPnD_x1MVl,4.0,1.414,6,Personal Care,2.5860000000000003,0.745,1.466,-0.514,3.348,0.972,4.698725376593279,2.4044032444959442,5.0
AVphGb181cnluZ0--UvW,5.0,2.431,2,Food,2.569,0.953,2.245,-0.185,4.193,1.147,5.0,2.7856315179606024,5.0
AVphHwKDLJeJML43XBrq,5.0,2.184,1,Food,2.816,1.066,2.391,0.499,4.065,0.944,5.0,3.578215527230591,5.0
AVphINGS1cnluZ0--r_a,4.636363636363637,2.116,55,Movies,2.5203636363636366,0.304,1.151,-0.799,3.074,1.022,4.333719582850522,2.074159907300116,5.0
AVphJnQ-1cnluZ0--9xF,3.6666666666666665,1.639,3,Food,2.0276666666666667,0.94,2.858,1.214,4.673,0.919,5.0,4.406720741599073,5.0
AVphJoZ7ilAPnD_x16oy,4.0,1.418,1,Food,2.582,0.92,1.215,-0.481,3.062,0.941,4.407879490150638,2.4426419466975666,5.0
AVphM8UGLJeJML43YC7R,2.0,0.455,1,Beauty,1.545,1.017,1.639,-0.113,3.685,0.94,4.8991888760139055,2.869061413673233,5.0
AVphMIqnLJeJML43X4sc,5.0,2.251,1,Food,2.749,0.95,1.139,-0.71,2.803,0.913,4.31981460023175,2.1772885283893393,5.0
AVphMOeVLJeJML43X5ut,5.0,1.923,1,Home,3.077,1.038,2.33,0.371,4.552,1.066,5.0,3.4298957126303593,5.0
AVphOLa0ilAPnD_x2zOe,5.0,2.021,1,Home,2.979,1.027,1.962,-0.196,3.707,1.008,5.0,2.772885283893395,5.0
AVphOWOOLJeJML43YUrC,4.666666666666667,2.476,15,School & Office Supplies,2.190666666666667,0.624,1.123,-0.912,3.09,1.058,4.301274623406721,1.9432213209733487,5.0
AVphOeznilAPnD_x23Je,5.0,2.736,1,Food & Beverage,2.264,1.072,1.623,0.223,2.893,0.693,4.880648899188876,3.258400926998841,5.0
AVphQUgt1cnluZ0-ARNp,5.0,2.605,6,Beauty,2.395,0.802,2.236,0.082,4.121,1.047,5.0,3.0950173812282733,5.0
AVphRm8EilAPnD_x3cTX,4.5,1.74,2,Food,2.76,0.941,1.74,0.078,3.756,0.941,5.0,3.090382387022016,5.0
AVphS_ML1cnluZ0-AvwD,5.0,2.52,4,Personal Care,2.48,0.855,2.791,0.631,4.958,1.138,5.0,3.73117033603708,5.0
AVphSrWZilAPnD_x3onE,5.0,2.457,2,Food,2.543,0.872,1.648,-0.447,3.418,0.991,4.909617612977984,2.482039397450753,5.0
AVphTaL4LJeJML43ZQRU,4.5,1.73,2,Household Chemicals,2.77,0.935,1.767,0.465,3.502,0.784,5.0,3.5388180764774044,5.0
AVphUdOBLJeJML43ZdEj,5.0,2.32,1,Movies,2.68,1.043,1.964,0.084,3.862,0.96,5.0,3.0973348783314023,5.0
AVphUfOg1cnluZ0-BB5s,3.0,1.34,2,Movies,1.66,0.933,2.157,0.247,3.819,0.922,5.0,3.286210892236385,5.0
AVphUnYX1cnluZ0-BDfS,5.0,1.99,1,Home,3.01,1.05,1.362,-0.734,4.022,1.203,4.578215527230591,2.149478563151796,5.0
AVphW8d8LJeJML43Z8o8,5.0,2.105,1,Household Essentials,2.895,0.937,0.946,-0.932,3.122,1.034,4.096176129779838,1.9200463499420626,5.0
AVphX0zBLJeJML43aHSv,5.0,2.233,1,Food,2.767,1.083,2.416,0.931,4.26,0.892,5.0,4.078794901506373,5.0
AVphXEWb1cnluZ0-Bij9,2.8,0.11000000000000001,5,Personal Care,2.69,0.752,2.546,0.696,4.511,1.002,5.0,3.8064889918887603,5.0
AVphY3wHLJeJML43aT_5,4.833333333333333,2.53,12,Food,2.3033333333333332,0.62,1.905,-0.19,3.832,1.069,5.0,2.779837775202781,5.0
AVphYcWYilAPnD_x4vcO,3.6,0.791,5,Personal Care,2.809,0.703,1.163,-0.855,2.961,1.007,4.347624565469293,2.0092699884125143,5.0
AVphZsVj1cnluZ0-CCSz,4.8,2.118,5,Personal Care,2.682,0.766,1.266,-0.931,3.504,1.157,4.466975666280417,1.9212050984936269,5.0
AVph_Kg0ilAPnD_x_eoK,4.0,1.502,1,Movies,2.498,0.986,2.187,0.687,4.231,0.925,5.0,3.7960602549246816,5.0
AVphcNyqilAPnD_x5cjy,3.978723404255319,0.757,47,Beauty,3.221723404255319,0.292,0.455,-1.664,2.3,1.017,3.527230590961761,1.0718424101969872,5.0
AVphcs0K1cnluZ0-CmpE,5.0,2.377,3,Personal Care,2.623,0.877,2.155,0.421,3.923,0.926,5.0,3.4878331402085747,5.0
AVphda2c1cnluZ0-CvMo,4.666666666666667,2.296,3,Food & Beverage,2.370666666666667,0.883,2.574,0.385,4.472,1.005,5.0,3.4461181923522597,5.0
AVphdnMMilAPnD_x5tKG,5.0,1.978,1,Personal Care,3.0220000000000002,1.021,2.185,0.112,4.2,1.031,5.0,3.1297798377752026,5.0
AVphdui6LJeJML43bORG,4.681818181818182,2.209,22,Music on CD or Vinyl,2.4728181818181816,0.522,1.091,-0.868,3.274,1.039,4.264194669756662,1.9942062572421784,5.0
AVphhLBQilAPnD_x6XY8,2.2222222222222223,-0.806,9,Personal Care,3.0282222222222224,0.628,1.099,-0.922,3.163,1.066,4.2734646581691775,1.9316338354577056,5.0
AVphhorJilAPnD_x6cs7,3.990506329113924,0.708,316,Personal Care,3.2825063291139243,0.158,1.99,-0.263,3.875,1.05,5.0,2.695249130938586,5.0
AVphjb0dLJeJML43cP0g,4.0,1.44,1,Food,2.56,0.922,2.196,0.591,4.212,0.929,5.0,3.6848203939745074,5.0
AVphkL3nilAPnD_x64AU,3.6666666666666665,1.434,3,Personal Care,2.232666666666667,0.938,1.921,0.111,4.059,1.029,5.0,3.1286210892236386,5.0
AVphm23filAPnD_x7T1w,2.943396226415094,-0.531,212,Household Essentials,3.4743962264150943,0.182,1.926,0.157,4.071,1.014,5.0,3.181923522595597,5.0
AVphoamL1cnluZ0-EojQ,4.4763779527559056,1.559,254,Personal Care,2.9173779527559054,0.168,2.575,1.074,4.618,0.913,5.0,4.24449594438007,5.0
AVphr-doilAPnD_x8Mc9,5.0,2.289,1,Movies,2.711,1.02,1.911,0.319,3.939,0.952,5.0,3.369640787949015,5.0
AVphvI6JilAPnD_x8wMk,3.0,0.8,1,Personal Care,2.2,0.9,1.914,0.052,3.915,1.05,5.0,3.060254924681344,5.0
AVphvn9ZLJeJML43eVxc,5.0,2.959,2,Food & Beverage,2.041,1.051,1.825,0.312,3.437,0.818,5.0,3.3615295480880647,5.0
AVphwgiR1cnluZ0-GESK,3.0,1.163,2,Kitchen & Dining,1.837,1.007,1.984,0.094,3.935,1.015,5.0,3.108922363847045,5.0
AVphxZp_LJeJML43epWq,3.6666666666666665,1.156,3,Beauty,2.5106666666666664,0.915,0.249,-1.774,2.426,1.111,3.2885283893395134,1.0,5.0
AVpi-7Th1cnluZ0-ScAm,4.8,2.576,5,Food & Beverage,2.2239999999999998,0.823,1.936,-0.34,3.897,1.071,5.0,2.6060254924681345,5.0
AVpi74wrLJeJML43qZEl,4.875,2.457,8,Personal Care,2.418,0.717,1.131,-0.674,3.121,0.998,4.310544611819235,2.2190034762456547,5.0
AVpiBF_rLJeJML43hUSa,4.153846153846154,0.973,13,Movies,3.1808461538461543,0.469,1.888,0.011,3.982,1.008,5.0,3.0127462340672073,5.0
AVpiEt1mLJeJML43h9Uk,1.0,0.505,1,Home,0.495,1.004,1.871,0.059,3.436,0.915,5.0,3.068366164542294,5.0
AVpiG70PilAPnD_xA1Hv,4.6,1.623,5,Personal Care,2.9769999999999994,0.693,2.269,0.236,4.399,1.076,5.0,3.273464658169177,5.0
AVpiGLKCLJeJML43iNan,3.2857142857142856,0.485,7,Food,2.8007142857142857,0.625,2.509,0.747,4.478,0.96,5.0,3.86558516801854,5.0
AVpiJUvkLJeJML43iwmp,4.0,1.127,1,Personal Care,2.873,0.964,2.202,0.236,4.146,1.051,5.0,3.273464658169177,5.0
AVpiK12JLJeJML43jAyo,5.0,1.761,1,School & Office Supplies,3.239,1.155,1.887,0.093,4.043,1.015,5.0,3.107763615295481,5.0
AVpiMzWWilAPnD_xB05t,3.9411764705882355,1.111,17,Personal Care,2.8301764705882357,0.461,-0.279,-1.991,1.576,0.958,2.6767091541135573,1.0,4.826187717265354
AVpiO6MV1cnluZ0-LQMd,4.5,2.09,2,Food & Beverage,2.41,0.883,1.972,-0.273,3.826,1.028,5.0,2.6836616454229434,5.0
AVpiOl5g1cnluZ0-LNLa,4.5,1.656,6,Personal Care,2.8440000000000003,0.674,0.505,-1.389,2.383,1.004,3.585168018539977,1.3904982618771726,5.0
AVpiOnxgLJeJML43jn9s,5.0,2.214,1,Food,2.786,0.979,2.736,0.618,4.634,1.072,5.0,3.716106604866744,5.0
AVpiS1-81cnluZ0-L3Yh,5.0,2.198,1,Food,2.802,0.995,2.457,0.763,4.195,0.872,5.0,3.884125144843569,5.0
AVpiS_7GLJeJML43kThV,5.0,2.196,2,Personal Care,2.804,0.929,0.851,-0.9,2.493,0.89,3.986095017381228,1.9571263035921205,5.0
AVpiSp7qilAPnD_xCvJS,4.8,2.094,5,Personal Care,2.706,0.791,1.931,-0.17,3.727,0.995,5.0,2.8030127462340673,5.0
AVpiTV6MilAPnD_xC2Cd,5.0,1.943,1,Personal Care,3.057,1.075,2.281,0.402,4.352,1.039,5.0,3.4658169177288527,5.0
AVpiUoV2LJeJML43kj3A,3.0,0.851,1,Home,2.149,0.89,1.146,-0.882,2.973,0.985,4.3279258400927,1.977983777520278,5.0
AVpiVCpSLJeJML43kn-a,4.0,1.162,1,Personal Care,2.838,0.967,2.035,0.027,3.934,0.993,5.0,3.0312862108922363,5.0
AVpiVSbdLJeJML43kqJM,5.0,2.306,1,Movies,2.694,1.037,1.361,-0.23,3.623,0.957,4.577056778679027,2.7334878331402086,5.0
AVpiWEFmilAPnD_xDQw_,4.909090909090909,3.136,11,Food & Beverage,1.773090909090909,0.836,2.475,0.782,4.513,0.952,5.0,3.9061413673232908,5.0
AVpiY8CQilAPnD_xDtgk,4.666666666666667,1.928,3,Food,2.738666666666667,0.912,2.245,0.207,4.026,1.0,5.0,3.2398609501738123,5.0
AVpiZSzXLJeJML43lR4s,4.872340425531915,3.194,47,Household Essentials,1.678340425531915,0.48,0.26,-1.861,2.225,1.065,3.3012746234067207,1.0,5.0
AVpiZfQFilAPnD_xDy0g,4.0,1.097,1,Personal Care,2.903,0.949,1.995,-0.28,4.197,1.127,5.0,2.675550405561993,5.0
AVpibxSCLJeJML43lpnJ,4.5,1.487,2,Personal Care,3.013,0.916,2.306,0.017,4.22,1.037,5.0,3.0196987253765935,5.0
AVpifmqTilAPnD_xEsJE,5.0,1.266,1,Holiday Shop,3.734,1.157,2.045,0.262,4.613,1.099,5.0,3.3035921205098493,5.0
AVpimBqpilAPnD_xFpDm,5.0,1.909,1,Personal Care,3.091,1.023,0.533,-1.498,2.643,1.103,3.617612977983778,1.2641946697566628,5.0
AVpinTTAilAPnD_xF2gN,5.0,2.283,1,Household Chemicals,2.717,1.061,2.755,0.775,4.604,1.019,5.0,3.8980301274623406,5.0
AVpinnUA1cnluZ0-PA-4,5.0,2.391,2,Food,2.609,0.944,1.44,-0.317,3.192,0.922,4.668597914252607,2.6326767091541137,5.0
AVpio6EgilAPnD_xGHG_,4.0,1.089,5,Movies,2.911,0.654,2.073,-0.054,4.383,1.143,5.0,2.937427578215527,5.0
AVpirtsq1cnluZ0-Pq-d,5.0,2.578,4,Personal Care,2.422,0.863,0.643,-1.53,2.518,1.055,3.745075318655852,1.2271147161066047,5.0
AVpiuGrdLJeJML43odGq,4.666666666666667,1.7380000000000002,3,Personal Care,2.9286666666666665,0.847,2.288,0.172,4.772,1.159,5.0,3.1993047508690613,5.0
AVpiuq9hLJeJML43oihw,5.0,2.428,3,Personal Care,2.572,0.906,1.934,-0.266,3.882,1.054,5.0,2.6917728852838936,5.0
AVpivRHo1cnluZ0-QNhi,5.0,1.648,2,Holiday Shop,3.3520000000000003,0.991,1.933,-0.225,3.707,1.013,5.0,2.7392815758980302,5.0
AVpixTJpLJeJML43o7SB,4.8,2.063,5,Personal Care,2.7369999999999997,0.707,0.8,-1.036,2.554,0.9,3.9269988412514483,1.7995365005793742,5.0
AVpiyxNjilAPnD_xHmap,5.0,2.281,1,Food,2.719,1.039,1.942,0.256,3.94,1.001,5.0,3.2966396292004636,5.0
AVpjBuhZLJeJML43rRpB,4.35,1.409,20,Personal Care,2.941,0.497,2.214,0.578,4.379,0.979,5.0,3.6697566628041716,5.0
AVpjCWmwilAPnD_xJ1TV,5.0,2.755,1,Food & Beverage,2.245,1.019,1.99,-0.083,4.072,1.028,5.0,2.903823870220162,5.0
AVpjDSAZLJeJML43rgNP,4.126237623762377,0.86,404,Movies,3.2662376237623767,0.16,2.313,0.316,4.197,1.024,5.0,3.3661645422943223,5.0
AVpjEQP9ilAPnD_xKHQ8,4.777777777777778,2.162,9,Personal Care,2.6157777777777778,0.602,2.734,0.744,5.148,1.1,5.0,3.862108922363847,5.0
AVpjHztQLJeJML43sK1o,4.545454545454546,2.245,11,Personal Care,2.3004545454545458,0.631,2.234,0.313,4.304,1.016,5.0,3.362688296639629,5.0
AVpjLenk1cnluZ0-UPOL,4.018867924528302,0.844,159,Movies,3.1748679245283022,0.19,1.418,-0.381,3.184,0.92,4.643105446118192,2.5585168018539974,5.0
AVpjPlWlLJeJML43tMAb,4.088235294117647,1.042,34,Home,3.046235294117647,0.329,2.32,0.185,4.161,1.043,5.0,3.2143684820393976,5.0
AVpjb7VoilAPnD_xNa8U,4.0,1.361,1,Food,2.6390000000000002,0.957,1.221,-0.537,3.052,0.933,4.414831981460023,2.377752027809965,5.0
AVpjd_6lilAPnD_xNsA8,3.5833333333333335,0.793,12,Personal Care,2.7903333333333333,0.541,1.943,-0.14,4.155,1.075,5.0,2.8377752027809966,5.0
AVpjfqBvilAPnD_xN1Oo,5.0,2.269,1,Household Chemicals,2.731,1.076,2.093,0.193,4.044,1.019,5.0,3.223638470451912,5.0
AVq55xFGQMlgsOJE6m6b,5.0,2.073,1,Household Essentials,2.927,1.143,1.939,-0.02,4.059,1.04,5.0,2.976825028968714,5.0
AVq56bxmv8e3D1O-llXA,4.575,1.749,40,Movies,2.826,0.334,2.021,-0.143,3.786,1.027,5.0,2.8342989571263035,5.0
AVq5UzjHU2_QcyX9O584,4.5,1.498,8,Food,3.002,0.598,1.956,-0.277,4.265,1.211,5.0,2.679026651216686,5.0
AVqVHr30nnc1JgDc3jVp,4.607407407407408,1.841,135,Movies,2.7664074074074074,0.215,2.105,0.223,3.903,0.937,5.0,3.258400926998841,5.0
AVzRE7KvGV-KLJ3aatQ9,4.333333333333333,1.164,63,Beauty,3.1693333333333333,0.251,1.74,-0.353,3.976,1.108,5.0,2.590961761297798,5.0
AVzRGDlw-jtxr-f3yfFH,3.8461538461538463,1.156,26,Personal Care,2.690153846153846,0.425,1.951,-0.042,4.14,1.066,5.0,2.951332560834299,5.0
